"url","teacher","teacher_link","top_responder","avg_star_rating","total_reviews","total_students","total_courses"
"https://www.udemy.com/r-analytics/","Kirill Eremenko","https://www.udemy.com/user/kirilleremenko/","Top-responder","4.5","69120","278815","33"
"https://www.udemy.com/r-analytics/","SuperDataScience Team","https://www.udemy.com/user/superdatascience-team/","Top-responder","4.5","62181","252200","22"
"https://www.udemy.com/the-complete-sql-bootcamp/","Jose Portilla","https://www.udemy.com/user/joseporitlla/","Top-responder","4.5","73059","327921","14"
"https://www.udemy.com/tableau10/","Kirill Eremenko","https://www.udemy.com/user/kirilleremenko/","","4.5","69120","278853","33"
"https://www.udemy.com/tableau10/","SuperDataScience Team","https://www.udemy.com/user/superdatascience-team/","","4.5","62181","252236","22"
"https://www.udemy.com/r-programming/","Kirill Eremenko","https://www.udemy.com/user/kirilleremenko/","","4.5","69120","278873","33"
"https://www.udemy.com/r-programming/","SuperDataScience Team","https://www.udemy.com/user/superdatascience-team/","","4.5","62181","252256","22"
"https://www.udemy.com/tableau10-advanced/","Kirill Eremenko","https://www.udemy.com/user/kirilleremenko/","","4.5","69120","278884","33"
"https://www.udemy.com/tableau10-advanced/","SuperDataScience Team","https://www.udemy.com/user/superdatascience-team/","","4.5","62181","252267","22"
"https://www.udemy.com/sql-for-newbs/","A Course You'll Actually Finish","https://www.udemy.com/user/acourseyoullactuallyfinish/","","4.4","4675","32539","1"
"https://www.udemy.com/sql-for-newbs/","David Kim","https://www.udemy.com/user/davidkim10/","","4.4","4675","32539","1"
"https://www.udemy.com/sql-for-newbs/","Peter Sefton","https://www.udemy.com/user/petersefton/","","4.4","4675","32539","1"
"https://www.udemy.com/artificial-intelligence-reinforcement-learning-in-python/","Lazy Programmer Inc.","https://www.udemy.com/user/lazy-programmer/","","4.6","16611","88186","19"
"https://www.udemy.com/data-science-deep-learning-in-python/","Lazy Programmer Inc.","https://www.udemy.com/user/lazy-programmer/","","4.6","16611","88195","19"
"https://www.udemy.com/apache-spark-with-scala-hands-on-with-big-data/","Sundog Education by Frank Kane","https://www.udemy.com/user/frankkane/","Top-responder","4.5","18898","89217","9"
"https://www.udemy.com/apache-spark-with-scala-hands-on-with-big-data/","Frank Kane","https://www.udemy.com/user/frank-kane-2/","Top-responder","4.5","18405","84526","7"
"https://www.udemy.com/natural-language-processing-with-deep-learning-in-python/","Lazy Programmer Inc.","https://www.udemy.com/user/lazy-programmer/","","4.6","16611","88172","19"
"https://www.udemy.com/python-coding/","Kirill Eremenko","https://www.udemy.com/user/kirilleremenko/","Top-responder","4.5","69120","278942","33"
"https://www.udemy.com/python-coding/","SuperDataScience Team","https://www.udemy.com/user/superdatascience-team/","Top-responder","4.5","62181","252324","22"
"https://www.udemy.com/deep-reinforcement-learning-in-python/","Lazy Programmer Inc.","https://www.udemy.com/user/lazy-programmer/","","4.6","16611","88187","19"
"https://www.udemy.com/data-science-and-machine-learning-bootcamp-with-r/","Jose Portilla","https://www.udemy.com/user/joseporitlla/","Top-responder","4.5","73059","328042","14"
"https://www.udemy.com/deep-learning-convolutional-neural-networks-theano-tensorflow/","Lazy Programmer Inc.","https://www.udemy.com/user/lazy-programmer/","","4.6","16611","88198","19"
"https://www.udemy.com/bayesian-machine-learning-in-python-ab-testing/","Lazy Programmer Inc.","https://www.udemy.com/user/lazy-programmer/","","4.6","16611","88208","19"
"https://www.udemy.com/data-statistics/","Kirill Eremenko","https://www.udemy.com/user/kirilleremenko/","","4.5","69120","278951","33"
"https://www.udemy.com/data-statistics/","SuperDataScience Team","https://www.udemy.com/user/superdatascience-team/","","4.5","62181","252333","22"
"https://www.udemy.com/deep-learning-recurrent-neural-networks-in-python/","Lazy Programmer Inc.","https://www.udemy.com/user/lazy-programmer/","","4.6","16611","88174","19"
"https://www.udemy.com/scala-and-spark-for-big-data-and-machine-learning/","Jose Portilla","https://www.udemy.com/user/joseporitlla/","","4.5","73059","328060","14"
"https://www.udemy.com/python-for-data-science-and-machine-learning-bootcamp/","Jose Portilla","https://www.udemy.com/user/joseporitlla/","","4.5","73059","328039","14"
"https://www.udemy.com/mspowerbi/","Kirill Eremenko","https://www.udemy.com/user/kirilleremenko/","","4.5","69120","278938","33"
"https://www.udemy.com/mspowerbi/","SuperDataScience Team","https://www.udemy.com/user/superdatascience-team/","","4.5","62181","252320","22"
"https://www.udemy.com/powerbi-complete-introduction/","Manuel Lorenz","https://www.udemy.com/user/manuel-lorenz/","","4.7","779","4242","2"
"https://www.udemy.com/powerbi-complete-introduction/","Maximilian Schwarzmüller","https://www.udemy.com/user/maximilian-schwarzmuller/","","4.7","58630","170720","17"
"https://www.udemy.com/datascience/","Kirill Eremenko","https://www.udemy.com/user/kirilleremenko/","Top-responder","4.5","69120","278938","33"
"https://www.udemy.com/datascience/","SuperDataScience Team","https://www.udemy.com/user/superdatascience-team/","Top-responder","4.5","62181","252320","22"
"https://www.udemy.com/elasticsearch-and-elastic-stack-in-depth-and-hands-on/","Sundog Education by Frank Kane","https://www.udemy.com/user/frankkane/","","4.5","18898","89214","9"
"https://www.udemy.com/elasticsearch-and-elastic-stack-in-depth-and-hands-on/","Frank Kane","https://www.udemy.com/user/frank-kane-2/","","4.5","18405","84523","7"
"https://www.udemy.com/zero-to-deep-learning/","Data Weekends","https://www.udemy.com/user/data-weekends/","","4.4","552","6038","1"
"https://www.udemy.com/zero-to-deep-learning/","Jose Portilla","https://www.udemy.com/user/joseporitlla/","","4.5","73059","327917","14"
"https://www.udemy.com/zero-to-deep-learning/","Francesco Mosconi","https://www.udemy.com/user/francesco10/","","4.4","552","6038","1"
"https://www.udemy.com/the-ultimate-hands-on-hadoop-tame-your-big-data/","Sundog Education by Frank Kane","https://www.udemy.com/user/frankkane/","","4.5","18898","89198","9"
"https://www.udemy.com/the-ultimate-hands-on-hadoop-tame-your-big-data/","Frank Kane","https://www.udemy.com/user/frank-kane-2/","","4.5","18405","84508","7"
"https://www.udemy.com/deep-learning-gans-and-variational-autoencoders/","Lazy Programmer Inc.","https://www.udemy.com/user/lazy-programmer/","","4.6","16611","88166","19"
"https://www.udemy.com/statistics-for-data-science-and-business-analysis/","365 Careers","https://www.udemy.com/user/365careers/","Top-responder","4.5","13180","91271","22"
"https://www.udemy.com/machinelearning/","Kirill Eremenko","https://www.udemy.com/user/kirilleremenko/","Top-responder","4.5","69120","278885","33"
"https://www.udemy.com/machinelearning/","Hadelin de Ponteves","https://www.udemy.com/user/hadelin-de-ponteves/","Top-responder","4.5","30377","168945","9"
"https://www.udemy.com/machinelearning/","SuperDataScience Team","https://www.udemy.com/user/superdatascience-team/","Top-responder","4.5","62181","252268","22"
"https://www.udemy.com/data-science-supervised-machine-learning-in-python/","Lazy Programmer Inc.","https://www.udemy.com/user/lazy-programmer/","","4.6","16611","88199","19"
"https://www.udemy.com/deeplearning/","Kirill Eremenko","https://www.udemy.com/user/kirilleremenko/","Top-responder","4.5","69120","278928","33"
"https://www.udemy.com/deeplearning/","Hadelin de Ponteves","https://www.udemy.com/user/hadelin-de-ponteves/","Top-responder","4.5","30377","168987","9"
"https://www.udemy.com/deeplearning/","SuperDataScience Team","https://www.udemy.com/user/superdatascience-team/","Top-responder","4.5","62181","252310","22"
"https://www.udemy.com/data-science-deep-learning-in-theano-tensorflow/","Lazy Programmer Inc.","https://www.udemy.com/user/lazy-programmer/","Top-responder","4.6","16611","88181","19"
"https://www.udemy.com/unsupervised-deep-learning-in-python/","Lazy Programmer Inc.","https://www.udemy.com/user/lazy-programmer/","Top-responder","4.6","16611","88174","19"
"https://www.udemy.com/mastering-top-visualization-techniques-in-tableau/","Ben Young","https://www.udemy.com/user/ben-young-9/","","4.6","102","1772","1"
"https://www.udemy.com/mastering-top-visualization-techniques-in-tableau/","Kirill Eremenko","https://www.udemy.com/user/kirilleremenko/","","4.5","69120","278822","33"
"https://www.udemy.com/mastering-top-visualization-techniques-in-tableau/","SuperDataScience Team","https://www.udemy.com/user/superdatascience-team/","","4.5","62181","252207","22"
"https://www.udemy.com/mastering-top-visualization-techniques-in-tableau/","Hadelin de Ponteves","https://www.udemy.com/user/hadelin-de-ponteves/","","4.5","30377","168883","9"
"https://www.udemy.com/unsupervised-machine-learning-hidden-markov-models-in-python/","Lazy Programmer Inc.","https://www.udemy.com/user/lazy-programmer/","","4.6","16611","88187","19"
"https://www.udemy.com/sqldatabases/","Kirill Eremenko","https://www.udemy.com/user/kirilleremenko/","","4.5","69120","278829","33"
"https://www.udemy.com/sqldatabases/","Ilya Eremenko","https://www.udemy.com/user/ilyaeremenko/","","4.3","2090","18090","4"
"https://www.udemy.com/sqldatabases/","SuperDataScience Team","https://www.udemy.com/user/superdatascience-team/","","4.5","62181","252214","22"
"https://www.udemy.com/taming-big-data-with-mapreduce-and-hadoop/","Sundog Education by Frank Kane","https://www.udemy.com/user/frankkane/","","4.5","18898","89214","9"
"https://www.udemy.com/taming-big-data-with-mapreduce-and-hadoop/","Frank Kane","https://www.udemy.com/user/frank-kane-2/","","4.5","18405","84523","7"
"https://www.udemy.com/computer-vision-a-z/","Hadelin de Ponteves","https://www.udemy.com/user/hadelin-de-ponteves/","Top-responder","4.5","30377","168995","9"
"https://www.udemy.com/computer-vision-a-z/","Kirill Eremenko","https://www.udemy.com/user/kirilleremenko/","Top-responder","4.5","69120","278936","33"
"https://www.udemy.com/computer-vision-a-z/","SuperDataScience Team","https://www.udemy.com/user/superdatascience-team/","Top-responder","4.5","62181","252318","22"
"https://www.udemy.com/data-science-natural-language-processing-in-python/","Lazy Programmer Inc.","https://www.udemy.com/user/lazy-programmer/","Top-responder","4.6","16611","88191","19"
"https://www.udemy.com/artificial-intelligence-az/","Hadelin de Ponteves","https://www.udemy.com/user/hadelin-de-ponteves/","Top-responder","4.5","30377","168986","9"
"https://www.udemy.com/artificial-intelligence-az/","Kirill Eremenko","https://www.udemy.com/user/kirilleremenko/","Top-responder","4.5","69120","278927","33"
"https://www.udemy.com/artificial-intelligence-az/","SuperDataScience Team","https://www.udemy.com/user/superdatascience-team/","Top-responder","4.5","62181","252309","22"
"https://www.udemy.com/business-analysis-ba/","Jeremy Aschenbrenner | The BA Guide","https://www.udemy.com/user/jeremy-aschenbrenner/","","4.5","2919","15632","6"
"https://www.udemy.com/taming-big-data-with-spark-streaming-hands-on/","Sundog Education by Frank Kane","https://www.udemy.com/user/frankkane/","Top-responder","4.5","18898","89188","9"
"https://www.udemy.com/taming-big-data-with-spark-streaming-hands-on/","Frank Kane","https://www.udemy.com/user/frank-kane-2/","Top-responder","4.5","18405","84498","7"
"https://www.udemy.com/machine-learning-in-python-random-forest-adaboost/","Lazy Programmer Inc.","https://www.udemy.com/user/lazy-programmer/","","4.6","16611","88209","19"
"https://www.udemy.com/sql-mysql-for-data-analytics-and-business-intelligence/","365 Careers","https://www.udemy.com/user/365careers/","","4.5","13180","91238","22"
"https://www.udemy.com/business-analysis-bpmn-data-analytics-for-business-analyst/","Jean-Gabriel Paquette","https://www.udemy.com/user/cce37694-4501-45bd-b02b-4aebd877a75c/","","4.7","3423","47979","28"
"https://www.udemy.com/cluster-analysis-unsupervised-machine-learning-python/","Lazy Programmer Inc.","https://www.udemy.com/user/lazy-programmer/","","4.6","16611","88184","19"
"https://www.udemy.com/kafka-streams/","Stephane Maarek","https://www.udemy.com/user/stephane-maarek/","Top-responder","4.5","2183","9199","7"
"https://www.udemy.com/google-analytics-insights/","Daragh Walsh","https://www.udemy.com/user/daraghmichaelw/","","4.5","29005","187062","8"
"https://www.udemy.com/complete-practical-sas-statistics-data-analysis-course/","Doctor Shenggang Li","https://www.udemy.com/user/shenggang-li/","","4.1","480","3864","1"
"https://www.udemy.com/visual-modeling-master-class/","Jeremy Aschenbrenner | The BA Guide","https://www.udemy.com/user/jeremy-aschenbrenner/","","4.5","2919","15620","6"
"https://www.udemy.com/businessanalysis/","Don Hussey","https://www.udemy.com/user/donhussey/","","4.4","2990","17639","6"
"https://www.udemy.com/splunker/","Adam Frisbee","https://www.udemy.com/user/adam-frisbee/","","4.5","668","8188","4"
"https://www.udemy.com/google-analytics-for-shopify-a-complete-step-by-step-guide/","Adam Reed","https://www.udemy.com/user/adam-reed-2/","","4.6","2492","22898","11"
"https://www.udemy.com/from-0-1-machine-learning/","Loony Corn","https://www.udemy.com/user/janani-ravi-2/","","4.3","6169","45830","77"
"https://www.udemy.com/python-bokeh/","Ardit Sulce","https://www.udemy.com/user/adiune/","","4.4","14980","115300","6"
"https://www.udemy.com/colordata/","Kirill Eremenko","https://www.udemy.com/user/kirilleremenko/","","4.5","69120","278815","33"
"https://www.udemy.com/colordata/","Patrycja Angelika Jeleniewicz","https://www.udemy.com/user/patrycjajeleniewicz/","","4.3","145","1626","1"
"https://www.udemy.com/colordata/","SuperDataScience Team","https://www.udemy.com/user/superdatascience-team/","","4.5","62181","252200","22"
"https://www.udemy.com/aws-machine-learning-a-complete-guide-with-python/","Chandra Lingam","https://www.udemy.com/user/e7c3b177-f449-448a-aff8-9ef970b23152/","","4.4","1459","24718","7"
"https://www.udemy.com/tableau-accelerate-your-career-and-get-certified/","Lukas Halim","https://www.udemy.com/user/lukashalim/","","4.5","1436","6267","2"
"https://www.udemy.com/data-science-and-analytics-using-r/","Prof. Sameer Mathur","https://www.udemy.com/user/management-skills/","","3.2","1163","3120","2"
"https://www.udemy.com/microsoft-power-bi-introduction/","Grant Gamble","https://www.udemy.com/user/grantgamble/","","4.6","613","13964","8"
"https://www.udemy.com/mastertableau/","Jamie Fry","https://www.udemy.com/user/9887c57d-a3fc-4d45-bf0a-674c1aedc72e/","Top-responder","4.5","396","2855","1"
"https://www.udemy.com/big-data-and-hadoop-for-beginners/","Andalib Ansari","https://www.udemy.com/user/andalibansari/","","4.2","771","23340","1"
"https://www.udemy.com/process-mapping-process-flowcharts/","Jeremy Aschenbrenner | The BA Guide","https://www.udemy.com/user/jeremy-aschenbrenner/","","4.5","2919","15623","6"
"https://www.udemy.com/statistics-with-r-beginner-level/","Bogdan Anastasiei","https://www.udemy.com/user/bogdananastasiei/","","4.4","1080","32393","7"
"https://www.udemy.com/statistics-using-excel/","Sandeep Kumar ­","https://www.udemy.com/user/sandeepkumar1/","","4.4","4963","23108","11"
"https://www.udemy.com/connect-the-dots-factor-analysis/","Loony Corn","https://www.udemy.com/user/janani-ravi-2/","","4.3","6169","45834","77"
"https://www.udemy.com/master-dax-fundamentals-power-bi-power-pivot-ssas/","Paula Guilfoyle","https://www.udemy.com/user/paulaguilfoyle/","","4.4","1826","25125","20"
"https://www.udemy.com/qlikview-developer-course/","Shilpan Patel","https://www.udemy.com/user/shilpan/","Top-responder","4","1657","6736","5"
"https://www.udemy.com/ultimate-beginners-vba-finance-course-for-banking/","VBA Finance","https://www.udemy.com/user/bobt-4/","","3.6","150","9147","2"
"https://www.udemy.com/connect-the-dots-linear-regression/","Loony Corn","https://www.udemy.com/user/janani-ravi-2/","","4.3","6169","45829","77"
"https://www.udemy.com/sascompletetutorial/","Ermin Dedic","https://www.udemy.com/user/ermin-dedic/","","4.3","422","8478","11"
"https://www.udemy.com/quant-trading-using-machine-learning/","Loony Corn","https://www.udemy.com/user/janani-ravi-2/","","4.3","6169","45830","77"
"https://www.udemy.com/from-0-to-1-hive/","Loony Corn","https://www.udemy.com/user/janani-ravi-2/","","4.3","6169","45829","77"
"https://www.udemy.com/spark-for-data-science-with-python/","Loony Corn","https://www.udemy.com/user/janani-ravi-2/","","4.3","6169","45831","77"
"https://www.udemy.com/data-science-using-r/","ExcelR Solutions","https://www.udemy.com/user/5553b3eb96db8/","","4","835","8022","8"
"https://www.udemy.com/machine-learning-for-data-science/","David Valentine","https://www.udemy.com/user/david-valentine-3/","","4.3","448","18702","3"
"https://www.udemy.com/spss-for-research/","Bogdan Anastasiei","https://www.udemy.com/user/bogdananastasiei/","","4.4","1080","32393","7"
"https://www.udemy.com/statistics-and-data-science-in-r/","Loony Corn","https://www.udemy.com/user/janani-ravi-2/","","4.3","6169","45838","77"
"https://www.udemy.com/learn-r-by-intensive-practice/","Selva Prabhakaran","https://www.udemy.com/user/selvaprabhakaran/","","3.8","184","4090","1"
"https://www.udemy.com/project-management-for-business-analyst/","Jeremy Aschenbrenner | The BA Guide","https://www.udemy.com/user/jeremy-aschenbrenner/","","4.5","2919","15632","6"
"https://www.udemy.com/tableau-10/","Rob Davis","https://www.udemy.com/user/robdavis3/","","4.4","655","3385","4"
"https://www.udemy.com/how-to-find-your-target-audience-in-less-than-30-minutes/","Sandor Kiss","https://www.udemy.com/user/sandorkiss2/","","4.2","9543","164540","75"
"https://www.udemy.com/how-to-find-your-target-audience-in-less-than-30-minutes/","Patrick Dermak","https://www.udemy.com/user/patrickdermak/","","4.2","5516","117113","39"
"https://www.udemy.com/the-complete-introduction-to-business-data-analysis/","Ian Littlejohn","https://www.udemy.com/user/ianlittlejohn2/","","4.4","1988","11602","11"
"https://www.udemy.com/data-analysis-course-for-beginners/","Shafiq Marediya","https://www.udemy.com/user/shafiqmarediya/","","4.4","250","1901","3"
"https://www.udemy.com/learn-by-example-qlikview/","Loony Corn","https://www.udemy.com/user/janani-ravi-2/","","4.3","6169","45835","77"
"https://www.udemy.com/amazon-aws-quicksight-getting-started/","Manuel Lorenz","https://www.udemy.com/user/manuel-lorenz/","","4.7","779","4240","2"
"https://www.udemy.com/amazon-aws-quicksight-getting-started/","Maximilian Schwarzmüller","https://www.udemy.com/user/maximilian-schwarzmuller/","","4.7","58630","170690","17"
"https://www.udemy.com/data-storytelling/","Bill Shander","https://www.udemy.com/user/bill-shander/","","4.1","285","2157","1"
"https://www.udemy.com/learn-data-science/","Data Hawk Tech","https://www.udemy.com/user/xz-8/","","4.3","199","1767","1"
"https://www.udemy.com/business-data-analysis-excel/","Symon He","https://www.udemy.com/user/wcieducation/","","4.5","2545","58391","11"
"https://www.udemy.com/business-data-analysis-excel/","Travis Chow","https://www.udemy.com/user/travischow/","","4.5","37","10742","1"
"https://www.udemy.com/apache-spark-20-java-do-big-data-analytics-ml/","V2 Maestros, LLC","https://www.udemy.com/user/kumaranponnambalam/","","4.2","3707","37135","13"
"https://www.udemy.com/tableau-data-visualization/","AkaSkills !","https://www.udemy.com/user/aka-skills/","","4","117","8773","6"
"https://www.udemy.com/applied-data-science-with-r/","V2 Maestros, LLC","https://www.udemy.com/user/kumaranponnambalam/","","4.2","3707","37142","13"
"https://www.udemy.com/software-testing-business-analyst/","Jeremy Aschenbrenner | The BA Guide","https://www.udemy.com/user/jeremy-aschenbrenner/","","4.5","2919","15624","6"
"https://www.udemy.com/practical-data-cleaning/","Lee Baker","https://www.udemy.com/user/lee-baker-6/","","3.7","18","2379","1"
"https://www.udemy.com/hands-on-machine-learning-without-writing-code/","Ram Prasad","https://www.udemy.com/user/ramprasad31/","","4.5","14","1887","1"
"https://www.udemy.com/essential-presentations-for-business-analysts-and-consultant/","Asen Gyczew","https://www.udemy.com/user/asengyczew/","","4.3","1204","23776","23"
"https://www.udemy.com/clusteranalysisandunsupervisedmachinelearningwithpython/","Ermin Dedic","https://www.udemy.com/user/ermin-dedic/","","4.3","422","8479","11"
"https://www.udemy.com/developing-requirements/","Don Hussey","https://www.udemy.com/user/donhussey/","","4.4","2990","17639","6"
"https://www.udemy.com/statistical-analysis-in-excel/","Skillfin Learning","https://www.udemy.com/user/instructorskillfinlearning/","","4.4","406","10177","13"
"https://www.udemy.com/sql-and-databases/","Loony Corn","https://www.udemy.com/user/janani-ravi-2/","","4.3","6169","45839","77"
"https://www.udemy.com/become-qlikview-designer-from-scratch/","Shilpan Patel","https://www.udemy.com/user/shilpan/","","4","1657","6736","5"
"https://www.udemy.com/web-analytics-conversion-strategy/","Christine Maisel","https://www.udemy.com/user/christine131/","","4.5","6498","80035","14"
"https://www.udemy.com/mastering-hadoop-the-how-to-guide-of-a-practical-approach/","Shyam Agarwal","https://www.udemy.com/user/pvt-droidhub-ltd/","","3.7","45","5371","1"
"https://www.udemy.com/statistics-using-r/","Sandeep Kumar ­","https://www.udemy.com/user/sandeepkumar1/","Top-responder","4.4","4963","23107","11"
"https://www.udemy.com/text-mining-and-sentiment-analysis-with-tableau-and-r/","R-Tutorials Training","https://www.udemy.com/user/rtutorials/","","4.4","6502","67566","18"
"https://www.udemy.com/sas-macro-programming-by-example/","Gopal Prasad Malakar","https://www.udemy.com/user/gopalprasadmalakar/","","4.2","2186","25469","16"
"https://www.udemy.com/tableau-complete-course/","TELCOMA! 34,000+ Students!","https://www.udemy.com/user/telcoma/","","3.9","1394","34235","21"
"https://www.udemy.com/power-bi-desktop-masterclass-data-analysis-for-everyone/","Paula Guilfoyle","https://www.udemy.com/user/paulaguilfoyle/","","4.4","1826","25132","20"
"https://www.udemy.com/tableau-data-analytics-must-see-introduction-to-analytics/","Dhruv Bais","https://www.udemy.com/user/548657673a1b6/","","4.1","3022","46062","23"
"https://www.udemy.com/sql-for-marketers-data-analytics-data-science-big-data/","Lazy Programmer Inc.","https://www.udemy.com/user/lazy-programmer/","","4.6","16611","88195","19"
"https://www.udemy.com/powerful-reports-and-dashboards-with-microsoft-powerbi/","Ian Littlejohn","https://www.udemy.com/user/ianlittlejohn2/","","4.4","1988","11602","11"
"https://www.udemy.com/tableau-interview/","Kirill Eremenko","https://www.udemy.com/user/kirilleremenko/","","4.5","69120","278922","33"
"https://www.udemy.com/tableau-interview/","SuperDataScience Team","https://www.udemy.com/user/superdatascience-team/","","4.5","62181","252305","22"
"https://www.udemy.com/r-shiny-web-apps-data-visualization/","R-Tutorials Training","https://www.udemy.com/user/rtutorials/","","4.4","6502","67553","18"
"https://www.udemy.com/essential-excel-for-business-analysts-and-consultants/","Asen Gyczew","https://www.udemy.com/user/asengyczew/","","4.3","1204","23776","23"
"https://www.udemy.com/is-my-startup-doing-ok/","Paul Scotchford","https://www.udemy.com/user/paulscotchford2/","","4.5","2180","31336","4"
"https://www.udemy.com/data-mining-with-r-go-from-beginner-to-advanced/","Geoffrey Hubona, Ph.D.","https://www.udemy.com/user/drgeoffreyhubona/","","4","1600","13301","28"
"https://www.udemy.com/comprcourse/","Geoffrey Hubona, Ph.D.","https://www.udemy.com/user/drgeoffreyhubona/","","4","1600","13300","28"
"https://www.udemy.com/the-data-analyst-skills-training-course-dast-with-excel/","Skillfin Learning","https://www.udemy.com/user/instructorskillfinlearning/","","4.4","406","10177","13"
"https://www.udemy.com/data-analytics-with-excel-pivottables-2016/","UpSkill Ladder","https://www.udemy.com/user/upskillladder/","","4.3","268","4466","3"
"https://www.udemy.com/data-analytics-with-excel-pivottables-2016/","Navya Kannan","https://www.udemy.com/user/navya-saavan/","","4.2","225","2979","1"
"https://www.udemy.com/web-analytics-learn-nuts-bolts-of-web-analytics/","Talent Nurture Academy","https://www.udemy.com/user/talent-nurture-academy/","","3.2","431","32035","3"
"https://www.udemy.com/intro-to-bpm/","Don Hussey","https://www.udemy.com/user/donhussey/","","4.4","2990","17639","6"
"https://www.udemy.com/r-social-media-mining-scraping-with-twitter/","R-Tutorials Training","https://www.udemy.com/user/rtutorials/","","4.4","6502","67559","18"
"https://www.udemy.com/applied-data-science-with-python/","V2 Maestros, LLC","https://www.udemy.com/user/kumaranponnambalam/","","4.2","3707","37142","13"
"https://www.udemy.com/sql-for-punk-analytics/","Paul Scotchford","https://www.udemy.com/user/paulscotchford2/","Top-responder","4.5","2180","31338","4"
"https://www.udemy.com/r-level1/","R-Tutorials Training","https://www.udemy.com/user/rtutorials/","","4.4","6502","67563","18"
"https://www.udemy.com/power-bi-query-editor-how-to-become-a-data-cleansing-star/","Doug Burke","https://www.udemy.com/user/doug-burke/","","3.9","55","1463","4"
"https://www.udemy.com/ibm-spss/","Sana Nazir","https://www.udemy.com/user/sana-nazir/","","2.3","99","8804","4"
"https://www.udemy.com/time-series-analysis-and-forecasting-in-r/","R-Tutorials Training","https://www.udemy.com/user/rtutorials/","Top-responder","4.4","6502","67563","18"
"https://www.udemy.com/data-visualization-why-charts-are-better-than-numbers/","Nicolae Urs","https://www.udemy.com/user/nicolaeurs/","","4.3","29","5749","1"
"https://www.udemy.com/google-sheets-forms-beginner-to-expert/","Joe Buchmann","https://www.udemy.com/user/joebuchmann/","","4.7","262","6126","6"
"https://www.udemy.com/data-analysis-and-dashboards-with-google-data-studio/","Ian Littlejohn","https://www.udemy.com/user/ianlittlejohn2/","","4.4","1988","11601","11"
"https://www.udemy.com/forecasting-and-time-series-analysis-in-tableau/","R-Tutorials Training","https://www.udemy.com/user/rtutorials/","","4.4","6502","67563","18"
"https://www.udemy.com/introduction-to-data-science/","Nina Zumel","https://www.udemy.com/user/ninazumel/","","3.9","124","2665","1"
"https://www.udemy.com/introduction-to-data-science/","John Mount","https://www.udemy.com/user/johnmount/","","3.9","124","2665","1"
"https://www.udemy.com/management-consulting-cases-for-job-interview/","Asen Gyczew","https://www.udemy.com/user/asengyczew/","","4.3","1204","23776","23"
"https://www.udemy.com/text-analyticstext-mining-using-r/","ExcelR Solutions","https://www.udemy.com/user/5553b3eb96db8/","","4","835","8023","8"
"https://www.udemy.com/apache-spark-20-python-do-big-data-analytics-ml/","V2 Maestros, LLC","https://www.udemy.com/user/kumaranponnambalam/","","4.2","3707","37136","13"
"https://www.udemy.com/the-comprehensive-programming-in-r-course/","Geoffrey Hubona, Ph.D.","https://www.udemy.com/user/drgeoffreyhubona/","","4","1600","13300","28"
"https://www.udemy.com/introduction-to-r/","Jagannath Rajagopal","https://www.udemy.com/user/jagannathrajagopal/","","4.3","264","3990","1"
"https://www.udemy.com/learn-data-visualisation-with-tableau-9/","Matt Francis","https://www.udemy.com/user/mattfrancis5/","","4.5","224","1727","1"
"https://www.udemy.com/market-analytics/","Scandinavian Institute of Business Analytics","https://www.udemy.com/user/scandinavianinstituteofbusinessanalytics/","","3.9","170","2342","4"
"https://www.udemy.com/bpmn-for-business-analysts/","Zbigniew Misiak","https://www.udemy.com/user/55380a4658547/","","4.4","237","1987","2"
"https://www.udemy.com/learn-data-mining-clustering-segmentation-using-rtableau/","ExcelR Solutions","https://www.udemy.com/user/5553b3eb96db8/","","4","835","8022","8"
"https://www.udemy.com/a-flying-introduction-to-amazon-web-services-cloud/","Dhruv Bais","https://www.udemy.com/user/548657673a1b6/","","4.1","3022","46062","23"
"https://www.udemy.com/pig-for-wrangling-big-data/","Loony Corn","https://www.udemy.com/user/janani-ravi-2/","","4.3","6169","45832","77"
"https://www.udemy.com/analytics-case-studies/","Gopal Prasad Malakar","https://www.udemy.com/user/gopalprasadmalakar/","","4.2","2186","25467","16"
"https://www.udemy.com/the-ultimate-guide-for-land-surveying-with-drones-part-3/","Huviair Technologies","https://www.udemy.com/user/huviair-technologies/","","4.6","209","637","3"
"https://www.udemy.com/the-ultimate-guide-for-land-surveying-with-drones-part-3/","Vikshut Mundkur","https://www.udemy.com/user/vikshut-mundkur-2/","","4.6","209","637","3"
"https://www.udemy.com/the-ultimate-guide-for-land-surveying-with-drones-part-3/","Arjun Janananda","https://www.udemy.com/user/arjunpjanananda/","","4.6","209","637","3"
"https://www.udemy.com/applied-multivariate-analysis-with-r/","Geoffrey Hubona, Ph.D.","https://www.udemy.com/user/drgeoffreyhubona/","","4","1600","13301","28"
"https://www.udemy.com/the-complete-qlikview-boot-camp/","Paul Scotchford","https://www.udemy.com/user/paulscotchford2/","","4.5","2180","31334","4"
"https://www.udemy.com/architecting-big-data-solutions/","V2 Maestros, LLC","https://www.udemy.com/user/kumaranponnambalam/","","4.2","3707","37137","13"
"https://www.udemy.com/r-programming-for-simulation-and-monte-carlo-methods/","Geoffrey Hubona, Ph.D.","https://www.udemy.com/user/drgeoffreyhubona/","","4","1600","13301","28"
"https://www.udemy.com/big-data-science-with-apache-hadoop/","V2 Maestros, LLC","https://www.udemy.com/user/kumaranponnambalam/","","4.2","3707","37142","13"
"https://www.udemy.com/deep-learning-prerequisites-the-numpy-stack-in-python/","Lazy Programmer Inc.","https://www.udemy.com/user/lazy-programmer/","","4.6","16611","88184","19"
"https://www.udemy.com/keras-deep-learning-in-python/","Francisco Juretig","https://www.udemy.com/user/francisco-juretig/","Top-responder","3.8","186","2250","9"
"https://www.udemy.com/forecasting-time-series-using-xlminer-r-and-tableau/","ExcelR Solutions","https://www.udemy.com/user/5553b3eb96db8/","","4","835","8022","8"
"https://www.udemy.com/ten-excel-features-every-analyst-should-know/","John MacDougall","https://www.udemy.com/user/john-macdougall-4/","","4.4","391","5398","1"
"https://www.udemy.com/machine-learning-and-statistical-modeling-with-r/","R-Tutorials Training","https://www.udemy.com/user/rtutorials/","","4.4","6502","67566","18"
"https://www.udemy.com/r-data-management-shape-your-data/","R-Tutorials Training","https://www.udemy.com/user/rtutorials/","","4.4","6502","67565","18"
"https://www.udemy.com/how-to-discover-viral-content-with-buzzsumo-in-2016/","Sandor Kiss","https://www.udemy.com/user/sandorkiss2/","","4.2","9543","164522","75"
"https://www.udemy.com/how-to-discover-viral-content-with-buzzsumo-in-2016/","Patrick Dermak","https://www.udemy.com/user/patrickdermak/","","4.2","5516","117100","39"
"https://www.udemy.com/real-world-vagrant-for-distributed-computing/","Toyin Akin","https://www.udemy.com/user/toyinakin/","","3.8","153","1474","15"
"https://www.udemy.com/want-to-be-a-data-scientist/","V2 Maestros, LLC","https://www.udemy.com/user/kumaranponnambalam/","","4.2","3707","37133","13"
"https://www.udemy.com/statisticsinr/","R-Tutorials Training","https://www.udemy.com/user/rtutorials/","","4.4","6502","67563","18"
"https://www.udemy.com/5-steps-to-becoming-a-business-analyst/","Jeremy Aschenbrenner | The BA Guide","https://www.udemy.com/user/jeremy-aschenbrenner/","","4.5","2919","15620","6"
"https://www.udemy.com/alteryx-self-service-analytics-in-your-hands/","Renato Baruti","https://www.udemy.com/user/renato-baruti/","","3.8","141","593","2"
"https://www.udemy.com/become-a-citizen-data-scientist-marketing-perspective/","Mohamed Jendoubi","https://www.udemy.com/user/uluumy/","","4.5","25","1855","1"
"https://www.udemy.com/data-science-4-newbs/","Larry Wai","https://www.udemy.com/user/larrywai/","","4.2","78","2233","2"
"https://www.udemy.com/spatialsql/","Dr. Arthur Lembo","https://www.udemy.com/user/art-lembo/","","4.4","1006","5167","11"
"https://www.udemy.com/sql-the-hitch-hikers-guide-to-writing-sql-queries/","Paul Scotchford","https://www.udemy.com/user/paulscotchford2/","","4.5","2180","31338","4"
"https://www.udemy.com/graphs-in-r/","R-Tutorials Training","https://www.udemy.com/user/rtutorials/","","4.4","6502","67566","18"
"https://www.udemy.com/business-analysis-cases-in-excel/","Asen Gyczew","https://www.udemy.com/user/asengyczew/","","4.3","1204","23776","23"
"https://www.udemy.com/recommendation-systems/","Loony Corn","https://www.udemy.com/user/janani-ravi-2/","","4.3","6169","45835","77"
"https://www.udemy.com/learn-how-amazon-netflix-etc-give-you-recommendations/","Dr. Subhrajit Roy","https://www.udemy.com/user/subhrajit-roy/","","3.9","108","1427","1"
"https://www.udemy.com/apache-spark-scala-do-big-data-analytics-ml/","V2 Maestros, LLC","https://www.udemy.com/user/kumaranponnambalam/","","4.2","3707","37142","13"
"https://www.udemy.com/qlikview-by-examples-beginner-course-fast-track/","Taha Mahmoud","https://www.udemy.com/user/taha-m-mahmoud/","","3.6","91","1959","5"
"https://www.udemy.com/sas-certificate-course-by-solving-questions/","Datagist INC","https://www.udemy.com/user/datagist/","","4.3","50","413","2"
"https://www.udemy.com/multivariate-data-visualization-with-r/","Geoffrey Hubona, Ph.D.","https://www.udemy.com/user/drgeoffreyhubona/","","4","1600","13301","28"
"https://www.udemy.com/bayesian-computational-analyses-with-r/","Geoffrey Hubona, Ph.D.","https://www.udemy.com/user/drgeoffreyhubona/","","4","1600","13301","28"
"https://www.udemy.com/sentiment-analysis/","Loony Corn","https://www.udemy.com/user/janani-ravi-2/","","4.3","6169","45839","77"
"https://www.udemy.com/business-analysis-demonstrated/","Cristian Fador","https://www.udemy.com/user/cristian-fador/","","4.3","549","1897","3"
"https://www.udemy.com/introduction-to-r-programming-must-see-introduction-to-r/","Dhruv Bais","https://www.udemy.com/user/548657673a1b6/","","4.1","3022","46062","23"
"https://www.udemy.com/google-analytics-reports-and-dashboards-with-data-studio/","Ian Littlejohn","https://www.udemy.com/user/ianlittlejohn2/","","4.4","1988","11604","11"
"https://www.udemy.com/complete-stata-workflow-tips/","Mauricio Maroto","https://www.udemy.com/user/mauricio-maroto-2/","","4.1","184","1151","4"
"https://www.udemy.com/build-big-data-pipelines-w-hadoop-flume-pig-mongodb/","V2 Maestros, LLC","https://www.udemy.com/user/kumaranponnambalam/","","4.2","3707","37132","13"
"https://www.udemy.com/spss-statistics-foundation-course-from-scratch-to-advanced/","Dr. Sanjay Singh","https://www.udemy.com/user/drsanjaysingh/","","4.2","167","1644","4"
"https://www.udemy.com/spss-statistics-foundation-course-from-scratch-to-advanced/","Yogita Aggarwal","https://www.udemy.com/user/yogitaaggarwal/","","4.3","119","1319","1"
"https://www.udemy.com/big-data-and-hadoop-edureka/","Edureka !","https://www.udemy.com/user/edureka-2/","","4.2","650","11925","1"
"https://www.udemy.com/r-basics/","R-Tutorials Training","https://www.udemy.com/user/rtutorials/","","4.4","6502","67553","18"
"https://www.udemy.com/r-programming-course-for-absolute-beginners/","Bogdan Anastasiei","https://www.udemy.com/user/bogdananastasiei/","","4.4","1080","32402","7"
"https://www.udemy.com/practical-statistics-for-the-user-experience-i/","Jeff Sauro","https://www.udemy.com/user/jeffsauro/","","4.3","109","4201","1"
"https://www.udemy.com/more-data-mining-with-r/","Geoffrey Hubona, Ph.D.","https://www.udemy.com/user/drgeoffreyhubona/","","4","1600","13300","28"
"https://www.udemy.com/build-interactive-dashboards-and-reports-with-google-data-studio/","Annabel Lyle","https://www.udemy.com/user/annabelsjlyle/","","4.6","38","335","1"
"https://www.udemy.com/machlearn3/","Charles Redmond","https://www.udemy.com/user/charlesredmond/","","4.6","2316","29118","7"
"https://www.udemy.com/simpleandintermittent/","Business Consulting","https://www.udemy.com/user/anamind-consulting/","","3.4","37","1577","6"
"https://www.udemy.com/using-your-data-to-grow-your-business/","Gary Kind","https://www.udemy.com/user/garykind/","","4.2","1017","43555","12"
"https://www.udemy.com/tableau-desktop-training/","Sunil Kumar Gupta","https://www.udemy.com/user/sunilkumargupta5/","","3.8","760","21068","13"
"https://www.udemy.com/excel-power-query-for-finance-and-accounting/","Doug Burke","https://www.udemy.com/user/doug-burke/","","3.9","55","1462","4"
"https://www.udemy.com/excel-power-user/","Eric Andrews","https://www.udemy.com/user/eric-andrews-2/","","4.5","187","623","1"
"https://www.udemy.com/advanced-sas-course-by-solving-questions-and-use-cases/","Datagist INC","https://www.udemy.com/user/datagist/","","4.3","50","413","2"
"https://www.udemy.com/learn-r-programming-and-data-science-through-exercises/","Dhruv Bais","https://www.udemy.com/user/548657673a1b6/","","4.1","3022","46063","23"
"https://www.udemy.com/master-data-management-s/","Adastra Academy","https://www.udemy.com/user/adastraacademy/","","4","1318","12744","6"
"https://www.udemy.com/tableau-spreadsheets/","RG BI","https://www.udemy.com/user/rg-bi/","","4.7","9","87","1"
"https://www.udemy.com/new-product-forecasting-process/","Business Consulting","https://www.udemy.com/user/anamind-consulting/","","3.4","37","1577","6"
"https://www.udemy.com/descriptive-statistics-spss/","Quantitative Specialists","https://www.udemy.com/user/ronaldyockey/","","4.3","548","5479","9"
"https://www.udemy.com/amazon-ppc-sponsored-products-course/","Paul S.","https://www.udemy.com/user/pauls2/","","4","194","664","1"
"https://www.udemy.com/sql-joins/","Loony Corn","https://www.udemy.com/user/janani-ravi-2/","","4.3","6169","45839","77"
"https://www.udemy.com/microsoftbusinessintelligence/","Business Data analyst Ikram Haq","https://www.udemy.com/user/ikram-haq/","","4.3","25","2192","3"
"https://www.udemy.com/intro-to-big-data-and-the-hadoop-ecosystem/","CyberTraining 365","https://www.udemy.com/user/security-cyber-think-tank/","","4.1","2780","52054","16"
"https://www.udemy.com/intro-to-big-data-and-the-hadoop-ecosystem/","Samy Mkacher","https://www.udemy.com/user/samymkacher/","","4.5","1769","51154","10"
"https://www.udemy.com/comprehensive-linear-modeling-with-r/","Geoffrey Hubona, Ph.D.","https://www.udemy.com/user/drgeoffreyhubona/","","4","1600","13301","28"
"https://www.udemy.com/business-analysis-essentials/","Cristian Fador","https://www.udemy.com/user/cristian-fador/","","4.3","549","1898","3"
"https://www.udemy.com/exponentialsmoothing/","Business Consulting","https://www.udemy.com/user/anamind-consulting/","","3.4","37","1577","6"
"https://www.udemy.com/statistics-with-r-intermediate-level/","Bogdan Anastasiei","https://www.udemy.com/user/bogdananastasiei/","","4.4","1080","32403","7"
"https://www.udemy.com/statistics-with-r-advanced-level/","Bogdan Anastasiei","https://www.udemy.com/user/bogdananastasiei/","","4.4","1080","32403","7"
"https://www.udemy.com/essential-fundamentals-of-r/","Geoffrey Hubona, Ph.D.","https://www.udemy.com/user/drgeoffreyhubona/","","4","1600","13301","28"
"https://www.udemy.com/case-studies-in-data-mining-with-r/","Geoffrey Hubona, Ph.D.","https://www.udemy.com/user/drgeoffreyhubona/","","4","1600","13301","28"
"https://www.udemy.com/excel-charts/","R-Tutorials Training","https://www.udemy.com/user/rtutorials/","","4.4","6502","67562","18"
"https://www.udemy.com/microsoft-excel-in-75-minutes-part-2/","Startup Saturdays","https://www.udemy.com/user/startupsaturdays/","","4","405","30922","14"
"https://www.udemy.com/logistic-regression-credit-scoring-modelling-using-sas/","Gopal Prasad Malakar","https://www.udemy.com/user/gopalprasadmalakar/","Top-responder","4.2","2186","25466","16"
"https://www.udemy.com/effective-data-visualization/","Jef Heer","https://www.udemy.com/user/jef-heer/","","4.3","4","621","1"
"https://www.udemy.com/qlikview-developer-certification/","Vertechs .IO","https://www.udemy.com/user/qlikvideotraining/","","4.5","314","1106","3"
"https://www.udemy.com/qlikview-developer-certification/","Shilpan Patel","https://www.udemy.com/user/shilpan/","","4","1657","6736","5"
"https://www.udemy.com/qlikview-developer-certification/","Deepak Vadithala (DV)","https://www.udemy.com/user/dv/","","4.5","314","1106","3"
"https://www.udemy.com/data-mining-unsupervised-learning-using-r/","ExcelR Solutions","https://www.udemy.com/user/5553b3eb96db8/","","4","835","8023","8"
"https://www.udemy.com/learn-tableau-tutorial-tableau-training/","R-Tutorials Training","https://www.udemy.com/user/rtutorials/","","4.4","6502","67552","18"
"https://www.udemy.com/how-to-conduct-market-research-in-startups-and-small-firms/","Asen Gyczew","https://www.udemy.com/user/asengyczew/","","4.3","1204","23775","23"
"https://www.udemy.com/comprehensive-graphics-with-r/","Geoffrey Hubona, Ph.D.","https://www.udemy.com/user/drgeoffreyhubona/","","4","1600","13301","28"
"https://www.udemy.com/sas-programming-made-easy-with-examples/","Gopal Prasad Malakar","https://www.udemy.com/user/gopalprasadmalakar/","","4.2","2186","25458","16"
"https://www.udemy.com/microsoft-excel-in-75-minutes-part-6/","Startup Saturdays","https://www.udemy.com/user/startupsaturdays/","","4","405","30922","14"
"https://www.udemy.com/sql-for-marketing-analysis/","Anil Batra","https://www.udemy.com/user/anilbatra3/","","4.4","97","4592","3"
"https://www.udemy.com/inferential-statistics-spss/","Quantitative Specialists","https://www.udemy.com/user/ronaldyockey/","","4.3","548","5479","9"
"https://www.udemy.com/data-analytics-for-beginners/","ATI - Analytics Training Institute","https://www.udemy.com/user/gautammunshi/","","3.6","277","9677","13"
"https://www.udemy.com/mastering-qlikview-set-analysis/","Vertechs .IO","https://www.udemy.com/user/qlikvideotraining/","","4.5","314","1106","3"
"https://www.udemy.com/mastering-qlikview-set-analysis/","Shilpan Patel","https://www.udemy.com/user/shilpan/","","4","1657","6736","5"
"https://www.udemy.com/mastering-qlikview-set-analysis/","Deepak Vadithala (DV)","https://www.udemy.com/user/dv/","","4.5","314","1106","3"
"https://www.udemy.com/principal-component-analysis-pca-and-factor-analysis/","Gopal Prasad Malakar","https://www.udemy.com/user/gopalprasadmalakar/","","4.2","2186","25456","16"
"https://www.udemy.com/excel-case-studies-for-business-students/","Jeff Knowlton","https://www.udemy.com/user/jeffknowlton2/","","4.6","775","6826","5"
"https://www.udemy.com/hypothesis-testing-using-minitab-and-r/","ExcelR Solutions","https://www.udemy.com/user/5553b3eb96db8/","","4","835","8023","8"
"https://www.udemy.com/real-data-science-problems-with-python/","Francisco Juretig","https://www.udemy.com/user/francisco-juretig/","","3.8","186","2251","9"
"https://www.udemy.com/baseball4/","Charles Redmond","https://www.udemy.com/user/charlesredmond/","","4.6","2316","29120","7"
"https://www.udemy.com/linear-regression-analysis-basics-in-spss-statistics/","Andrew Luttrell, Ph.D.","https://www.udemy.com/user/andrewluttrell/","","4.4","4837","56956","17"
"https://www.udemy.com/problem-solving-tools-techniques-methods/","Ali Bouzid","https://www.udemy.com/user/abouzid/","","4.3","14","1389","1"
"https://www.udemy.com/baseball1/","Charles Redmond","https://www.udemy.com/user/charlesredmond/","","4.6","2316","29120","7"
"https://www.udemy.com/social-media-analytics-with-python/","V2 Maestros, LLC","https://www.udemy.com/user/kumaranponnambalam/","","4.2","3707","37137","13"
"https://www.udemy.com/social-media-analytics-with-r/","V2 Maestros, LLC","https://www.udemy.com/user/kumaranponnambalam/","","4.2","3707","37142","13"
"https://www.udemy.com/tableau-with-ease-and-r/","R-Tutorials Training","https://www.udemy.com/user/rtutorials/","","4.4","6502","67567","18"
"https://www.udemy.com/business-analysis-foundations/","International Business Education Association","https://www.udemy.com/user/hayden-thomas/","","4.3","50","806","1"
"https://www.udemy.com/python-extract-manipulate-and-analyze-data-with-5-projects/","Yoda Learning","https://www.udemy.com/user/yodalearning/","","4.3","1842","39285","50"
"https://www.udemy.com/python-extract-manipulate-and-analyze-data-with-5-projects/","Rishabh Pugalia","https://www.udemy.com/user/excelnext/","","4.1","637","10390","31"
"https://www.udemy.com/r-shiny-apps/","Geoffrey Hubona, Ph.D.","https://www.udemy.com/user/drgeoffreyhubona/","","4","1600","13301","28"
"https://www.udemy.com/qlikview/","Vjekoslav Levacic","https://www.udemy.com/user/vjekoslav/","","4.4","109","757","1"
"https://www.udemy.com/real-world-data-science-with-spark-2/","Packt Publishing","https://www.udemy.com/user/packtpublishing/","","4","9541","65841","748"
"https://www.udemy.com/data-and-statistics-for-business-and-economics/","Shubham Kalra","https://www.udemy.com/user/shubham-kalra-2/","","4.3","288","9598","8"
"https://www.udemy.com/learn-proven-research-tools-save-time-now/","LPAR Academy","https://www.udemy.com/user/lburnsl2theb/","","4","8","2082","2"
"https://www.udemy.com/applied-machine-learning-in-r/","Bogdan Anastasiei","https://www.udemy.com/user/bogdananastasiei/","","4.4","1080","32382","7"
"https://www.udemy.com/introduction-spss/","Quantitative Specialists","https://www.udemy.com/user/ronaldyockey/","","4.3","548","5479","9"
"https://www.udemy.com/regression-statistics/","Quantitative Specialists","https://www.udemy.com/user/ronaldyockey/","","4.3","548","5479","9"
"https://www.udemy.com/learn-r-programming-from-scratch/","Sunil Kumar Gupta","https://www.udemy.com/user/sunilkumargupta5/","","3.8","760","21068","13"
"https://www.udemy.com/programming-statistical-applications-in-r/","Geoffrey Hubona, Ph.D.","https://www.udemy.com/user/drgeoffreyhubona/","","4","1600","13300","28"
"https://www.udemy.com/logistic-regression-workshop-using-r-step-by-step-modeling/","Gopal Prasad Malakar","https://www.udemy.com/user/gopalprasadmalakar/","","4.2","2186","25469","16"
"https://www.udemy.com/learn-data-analytics-with-kibana/","Bigdata ABCD","https://www.udemy.com/user/dd8c2dfc-52f6-41bf-8c9e-7ff45ba235ed/","","4","397","2282","5"
"https://www.udemy.com/linear-regression-glms-and-gams-with-r/","Geoffrey Hubona, Ph.D.","https://www.udemy.com/user/drgeoffreyhubona/","","4","1600","13301","28"
"https://www.udemy.com/data-mining-with-rattle/","Geoffrey Hubona, Ph.D.","https://www.udemy.com/user/drgeoffreyhubona/","","4","1600","13301","28"
"https://www.udemy.com/introduction-to-microstrategy-report-development/","Adastra Academy","https://www.udemy.com/user/adastraacademy/","","4","1318","12748","6"
"https://www.udemy.com/forecasting-models-with-r/","Diego Fernandez","https://www.udemy.com/user/diego-fernandez-2/","","3.9","567","3778","23"
"https://www.udemy.com/statistics-by-example/","Gopal Prasad Malakar","https://www.udemy.com/user/gopalprasadmalakar/","","4.2","2186","25456","16"
"https://www.udemy.com/microsoft-excel-in-75-minutes-part-3/","Startup Saturdays","https://www.udemy.com/user/startupsaturdays/","","4","405","30922","14"
"https://www.udemy.com/mysql-and-database-management-from-beginner-to-expert/","William Starr","https://www.udemy.com/user/william-starr/","","4.1","24","220","1"
"https://www.udemy.com/microsoft-excel-in-75-minutes-part-5/","Startup Saturdays","https://www.udemy.com/user/startupsaturdays/","","4","405","30922","14"
"https://www.udemy.com/alteryx-real-life-exercises-for-data-analytics/","Renato Baruti","https://www.udemy.com/user/renato-baruti/","","3.8","141","593","2"
"https://www.udemy.com/textminingwithr/","Nisha Kiran","https://www.udemy.com/user/nishakiran/","","3.4","94","3013","6"
"https://www.udemy.com/tableau-introduction-dataset-analysis/","Erik Rood","https://www.udemy.com/user/erik-rood/","","3.4","160","1716","5"
"https://www.udemy.com/baseball2/","Charles Redmond","https://www.udemy.com/user/charlesredmond/","","4.6","2316","29115","7"
"https://www.udemy.com/the-visual-guide-on-how-neural-networks-learn-from-data/","Mauricio Maroto","https://www.udemy.com/user/mauricio-maroto-2/","","4.1","184","1151","4"
"https://www.udemy.com/regression-machine-learning-with-r/","Diego Fernandez","https://www.udemy.com/user/diego-fernandez-2/","","3.9","567","3781","23"
"https://www.udemy.com/tableauwithme/","Erik Rood","https://www.udemy.com/user/erik-rood/","","3.4","160","1716","5"
"https://www.udemy.com/musketeers-app-online-roulette-numbers-forecasting-app/","Petr Kulhanek","https://www.udemy.com/user/petr-kulhanek/","","3.9","58","3398","6"
"https://www.udemy.com/ontologies-for-business-analysis/","Dr. Tish Chungoora","https://www.udemy.com/user/tishchungoora/","","4.1","331","4580","6"
"https://www.udemy.com/to-understand-statistics-behind-six-sigma-part-i/","László Csanaki Bognár","https://www.udemy.com/user/bognrlszlphd/","","4.5","313","5359","3"
"https://www.udemy.com/jigsaw-academy-analytics-for-beginners/","Jigsaw Academy","https://www.udemy.com/user/jigsawacademy/","","3.9","138","1040","2"
"https://www.udemy.com/forecast-anything-with-excel/","Mauricio Maroto","https://www.udemy.com/user/mauricio-maroto-2/","","4.1","184","1151","4"
"https://www.udemy.com/decision-tree-theory-application-and-modeling-using-r/","Gopal Prasad Malakar","https://www.udemy.com/user/gopalprasadmalakar/","","4.2","2186","25469","16"
"https://www.udemy.com/crystal-reports-for-sap-business-one/","Michael Taylor","https://www.udemy.com/user/michaeltaylor26/","","4.4","115","645","1"
"https://www.udemy.com/spss-data-analysis-spss-online-video-training-course/","SPSS Statisticians MyProjects","https://www.udemy.com/user/ademola-adeyemo-2/","","4","85","406","1"
"https://www.udemy.com/predictive-analytics-understanding-arima/","Business Consulting","https://www.udemy.com/user/anamind-consulting/","","3.4","37","1577","6"
"https://www.udemy.com/sample-bias-in-predictive-analytics/","Predictive Analytics","https://www.udemy.com/user/analyticsonlinecourses/","","3.9","47","2119","3"
"https://www.udemy.com/microsoft-excel-in-75-minutes-part-4/","Startup Saturdays","https://www.udemy.com/user/startupsaturdays/","","4","405","30922","14"
"https://www.udemy.com/business-analytics-with-big-data-a-complete-guide/","Global Learning Labs, Excellence in Learning","https://www.udemy.com/user/globallearninglabs/","","4.3","176","2667","9"
"https://www.udemy.com/ibm-spss-modeler-getting-stated/","Sandy Midili","https://www.udemy.com/user/sandymidili/","","4","157","707","10"
"https://www.udemy.com/start-up-guide-for-microsoft-dynamics-365/","Packt Publishing","https://www.udemy.com/user/packtpublishing/","","4","9541","65841","748"
"https://www.udemy.com/learn-sql-with-ease/","Marco Eder","https://www.udemy.com/user/a4ef90e3-c0ba-49c6-82b6-2d86c13729dc/","","4.5","113","623","2"
"https://www.udemy.com/data-analysis-with-r/","Mangirdas Adomaitis","https://www.udemy.com/user/mangirdas/","","4.2","36","1545","2"
"https://www.udemy.com/extra-fundamentals-of-r/","Geoffrey Hubona, Ph.D.","https://www.udemy.com/user/drgeoffreyhubona/","","4","1600","13301","28"
"https://www.udemy.com/spss-essentials/","Dr Tendayi Viki","https://www.udemy.com/user/gtendayiviki/","","4.3","47","384","1"
"https://www.udemy.com/filemaker/","Infinite Skills","https://www.udemy.com/user/infiniteskills/","","4.4","52946","769751","331"
"https://www.udemy.com/diydashboards/","Luke Rochester","https://www.udemy.com/user/lukerochester2/","","4.2","46","369","1"
"https://www.udemy.com/easy-excel-pivot-tables-data-analysis-with-igor/","Igor Ovchinnikov","https://www.udemy.com/user/igorovchinnikov/","","4.5","517","6263","10"
"https://www.udemy.com/cluster-analysis-motivation-theory-practical-application/","Gopal Prasad Malakar","https://www.udemy.com/user/gopalprasadmalakar/","","4.2","2186","25457","16"
"https://www.udemy.com/mastering-statistical-quality-control-with-minitab/","László Csanaki Bognár","https://www.udemy.com/user/bognrlszlphd/","","4.5","313","5359","3"
"https://www.udemy.com/data-visualization/","ATI - Analytics Training Institute","https://www.udemy.com/user/gautammunshi/","","3.6","277","9677","13"
"https://www.udemy.com/regression-machine-learning-with-python/","Diego Fernandez","https://www.udemy.com/user/diego-fernandez-2/","","3.9","567","3779","23"
"https://www.udemy.com/conceptual-foundations-of-pls-path-modeling/","Geoffrey Hubona, Ph.D.","https://www.udemy.com/user/drgeoffreyhubona/","","4","1600","13300","28"
"https://www.udemy.com/data-analysis-statistical-optimization-using-ms-excel/","Gopal Prasad Malakar","https://www.udemy.com/user/gopalprasadmalakar/","","4.2","2186","25456","16"
"https://www.udemy.com/agile-experiment-analytics/","Larry Wai","https://www.udemy.com/user/larrywai/","","4.2","78","2231","2"
"https://www.udemy.com/excel-and-business-analytics_1/","Jeff Knowlton","https://www.udemy.com/user/jeffknowlton2/","","4.6","775","6828","5"
"https://www.udemy.com/business-analysis-series-bpmn-20-in-practice/","Jack Zadegan","https://www.udemy.com/user/jackzadegan/","","4.2","23","629","1"
"https://www.udemy.com/forecasting-models-with-excel/","Diego Fernandez","https://www.udemy.com/user/diego-fernandez-2/","","3.9","567","3780","23"
"https://www.udemy.com/master-elasticsearch-on-hadoop-ecosystem-with-data-pipelines/","Neeraj Malhotra","https://www.udemy.com/user/uniqbank/","","3.9","24","196","1"
"https://www.udemy.com/power-query-advanced/","Doug Burke","https://www.udemy.com/user/doug-burke/","","3.9","55","1462","4"
"https://www.udemy.com/dashboarding-and-analytics-with-sap-lumira/","Ellie Babadi Koerber","https://www.udemy.com/user/ellie-babadi/","","3.3","17","921","2"
"https://www.udemy.com/website-analytics/","Andrew Williams","https://www.udemy.com/user/andrewwilliams17/","","4.5","4996","35593","24"
"https://www.udemy.com/introductory-statistics-part1-descriptive-statistics/","Luc Zio","https://www.udemy.com/user/luczio/","","3.8","114","1832","9"
"https://www.udemy.com/manova-spss/","Quantitative Specialists","https://www.udemy.com/user/ronaldyockey/","","4.3","548","5479","9"
"https://www.udemy.com/mastering-business-analysis-through-effective-communication/","Teresa Bennett","https://www.udemy.com/user/teresa-bennett/","","3.5","32","168","1"
"https://www.udemy.com/multiple-regression-analysis-with-python/","Diego Fernandez","https://www.udemy.com/user/diego-fernandez-2/","","3.9","567","3778","23"
"https://www.udemy.com/data-science/","Atul Bhardwaj","https://www.udemy.com/user/atulbhardwaj4/","","3.2","27","748","1"
"https://www.udemy.com/baseball3/","Charles Redmond","https://www.udemy.com/user/charlesredmond/","","4.6","2316","29120","7"
"https://www.udemy.com/unsinkable-data-science-with-python/","Prasant Sudhakaran","https://www.udemy.com/user/prasantsudhakaran2/","","4.7","16","122","1"
"https://www.udemy.com/real-world-hadoop-deploying-with-cloudera-manager/","Toyin Akin","https://www.udemy.com/user/toyinakin/","","3.8","153","1474","15"
"https://www.udemy.com/google-analytics-in-an-hour/","Corey Rabazinski","https://www.udemy.com/user/coreyrabazinski/","","4.3","1559","24108","5"
"https://www.udemy.com/sql-fundamentals-for-excel-users/","Lukas Halim","https://www.udemy.com/user/lukashalim/","","4.5","1436","6270","2"
"https://www.udemy.com/the-complete-guide-to-tensorflow-1x/","Packt Publishing","https://www.udemy.com/user/packtpublishing/","","4","9541","65810","746"
"https://www.udemy.com/data-analysis-for-big-data/","Illumeo Learning","https://www.udemy.com/user/illumeo/","","4.4","524","2404","239"
"https://www.udemy.com/data-analysis-for-big-data/","Michael McDonald","https://www.udemy.com/user/af555bf8-fce3-464a-b371-1e6d496420d0/","","4.3","29","182","9"
"https://www.udemy.com/complete-big-data-hadoop-masterclass/","Rakesh Naga Chinta","https://www.udemy.com/user/rakesh-chinta-2/","","4.8","9","94","2"
"https://www.udemy.com/business-analytics/","The Art Of Service","https://www.udemy.com/user/theartofservice/","","3.8","640","5864","57"
"https://www.udemy.com/sem-using-amos/","Dr. Sanjay Singh","https://www.udemy.com/user/drsanjaysingh/","","4.2","167","1644","4"
"https://www.udemy.com/data-science-and-machine-learning-for-managers-and-mbas/","Kumar V","https://www.udemy.com/user/kumarv/","","4.6","5","54","2"
"https://www.udemy.com/user-feedback-surveys/","Matthew Niederberger","https://www.udemy.com/user/matthewniederberger/","","4.6","8","563","1"
"https://www.udemy.com/big-data-business-intelligence/","Michael McDonald","https://www.udemy.com/user/36cdce99-e858-44b3-8f53-98764058792e/","","4.3","50","299","2"
"https://www.udemy.com/forecasting-models-with-python/","Diego Fernandez","https://www.udemy.com/user/diego-fernandez-2/","","3.9","567","3778","23"
"https://www.udemy.com/learning-path-elasticsearch-and-angularjs-intraweb-search/","Packt Publishing","https://www.udemy.com/user/packtpublishing/","","4","9541","65800","746"
"https://www.udemy.com/practical-foundations-of-r-programming/","Geoffrey Hubona, Ph.D.","https://www.udemy.com/user/drgeoffreyhubona/","","4","1600","13301","28"
"https://www.udemy.com/data-and-analytics/","Classrack +","https://www.udemy.com/user/kalebhartje2/","","4.2","10","323","2"
"https://www.udemy.com/getting-started-with-natural-language-processing-in-java/","Packt Publishing","https://www.udemy.com/user/packtpublishing/","","4","9541","65841","748"
"https://www.udemy.com/splunk-overview/","Bigdata ABCD","https://www.udemy.com/user/dd8c2dfc-52f6-41bf-8c9e-7ff45ba235ed/","","4","397","2283","5"
"https://www.udemy.com/business-analysis-function-modelling-using-idef0/","Dr. Tish Chungoora","https://www.udemy.com/user/tishchungoora/","","4.1","331","4580","6"
"https://www.udemy.com/excel-skills-for-insurance-professionals/","Marissa Catanzaro","https://www.udemy.com/user/marissa-catanzaro/","","4.2","11","301","1"
"https://www.udemy.com/introduction-to-r-programming-learn-r-syntax-by-example/","Gopal Prasad Malakar","https://www.udemy.com/user/gopalprasadmalakar/","","4.2","2186","25467","16"
"https://www.udemy.com/anova-spss/","Quantitative Specialists","https://www.udemy.com/user/ronaldyockey/","","4.3","548","5479","9"
"https://www.udemy.com/getting-started-with-apache-solr-search-server/","Packt Publishing","https://www.udemy.com/user/packtpublishing/","","4","9541","65834","748"
"https://www.udemy.com/advanced-excel-dashboard-with-business-intelligence/","Yoda Learning","https://www.udemy.com/user/yodalearning/","","4.3","1842","39282","50"
"https://www.udemy.com/advanced-excel-dashboard-with-business-intelligence/","Rishabh Pugalia","https://www.udemy.com/user/excelnext/","","4.1","637","10390","31"
"https://www.udemy.com/redwoodassociatesr/","ATI - Analytics Training Institute","https://www.udemy.com/user/gautammunshi/","","3.6","277","9677","13"
"https://www.udemy.com/24h-pro-data-science-in-r/","Francisco Juretig","https://www.udemy.com/user/francisco-juretig/","","3.8","186","2250","9"
"https://www.udemy.com/optimization/","Jared Waxman","https://www.udemy.com/user/jaredwaxman/","","3.5","62","1213","1"
"https://www.udemy.com/sales-forecasting/","Scandinavian Institute of Business Analytics","https://www.udemy.com/user/scandinavianinstituteofbusinessanalytics/","","3.9","170","2342","4"
"https://www.udemy.com/uplift-modeling/","Predictive Analytics","https://www.udemy.com/user/analyticsonlinecourses/","","3.9","47","2119","3"
"https://www.udemy.com/statistics-excel/","Quantitative Specialists","https://www.udemy.com/user/ronaldyockey/","","4.3","548","5479","9"
"https://www.udemy.com/multiple-regression-analysis-with-excel/","Diego Fernandez","https://www.udemy.com/user/diego-fernandez-2/","","3.9","567","3781","23"
"https://www.udemy.com/artificial-neural-networks-tutorial-theory-applications/","Gopal Prasad Malakar","https://www.udemy.com/user/gopalprasadmalakar/","","4.2","2186","25469","16"
"https://www.udemy.com/market-research-classroom/","Earners Classroom","https://www.udemy.com/user/earnersclassroom/","","4.2","446","36343","25"
"https://www.udemy.com/qlikview-for-beginners-by-techstuffy/","Mark O'Donovan","https://www.udemy.com/user/markodonovan/","","4.1","169","3600","1"
"https://www.udemy.com/the-fundamentals-of-business-intelligence/","Michael McDonald","https://www.udemy.com/user/36cdce99-e858-44b3-8f53-98764058792e/","","4.3","50","299","2"
"https://www.udemy.com/building-interactive-graphs-with-ggplot2-and-shiny/","Packt Publishing","https://www.udemy.com/user/packtpublishing/","","4","9541","65820","746"
"https://www.udemy.com/data-analysis-black-magic-with-excel/","Info Artist","https://www.udemy.com/user/info-artist/","","4.3","12","73","2"
"https://www.udemy.com/how-to-create-dashboards-with-google-data-studio/","Jayadeep Rath","https://www.udemy.com/user/jayadeep-rath/","","4.4","5","69","3"
"https://www.udemy.com/python-step-into-the-world-of-machine-learning/","Packt Publishing","https://www.udemy.com/user/packtpublishing/","","4","9541","65838","748"
"https://www.udemy.com/sql-for-beginners-learn-through-10-examples/","Erik Rood","https://www.udemy.com/user/erik-rood/","","3.4","160","1716","5"
"https://www.udemy.com/sql-for-beginners-learn-through-10-examples/","Crystal Wesnoski","https://www.udemy.com/user/crystal-wesnoski/","","4.1","17","87","2"
"https://www.udemy.com/tableau-10-complete-data-visualization-solutions/","Packt Publishing","https://www.udemy.com/user/packtpublishing/","","4","9541","65836","748"
"https://www.udemy.com/creating-seamless-mosaics-from-air-photos/","Kevin JONES","https://www.udemy.com/user/525fdd4c-10e7-42c8-9112-c5f0bc3b7642/","","4.5","39","1779","2"
"https://www.udemy.com/multiple-regression-analysis-with-r/","Diego Fernandez","https://www.udemy.com/user/diego-fernandez-2/","","3.9","567","3781","23"
"https://www.udemy.com/ibm-spss-modeler-techniques-for-missing-data/","Sandy Midili","https://www.udemy.com/user/sandymidili/","","4","157","707","10"
"https://www.udemy.com/compstat-analytics-let-the-numbers-do-the-talking/","Charles Rambo","https://www.udemy.com/user/65045208-2d17-461c-9819-e799ad69c26c/","","4.9","9","518","6"
"https://www.udemy.com/fundamentals-of-data-manipulation-and-visualization-in-excel/","Strategic Management Solutions","https://www.udemy.com/user/gavin-leeper/","","4.1","31","148","2"
"https://www.udemy.com/advanced-data-manipulation-and-visualization-in-excel/","Strategic Management Solutions","https://www.udemy.com/user/gavin-leeper/","","4.1","31","148","2"
"https://www.udemy.com/fuzzy-logic-a-practical-introduction/","Mr Petrus Rohland","https://www.udemy.com/user/petrus-rohland/","","3.8","14","61","1"
"https://www.udemy.com/training-in-r-for-business-analytics-a-beginners-guide/","Analytics 17","https://www.udemy.com/user/vipulmahajan/","","3.8","18","233","1"
"https://www.udemy.com/dashboards-101-using-metrics-to-improve-performance/","Bob Norton","https://www.udemy.com/user/bobnorton3/","","4.2","15","144","3"
"https://www.udemy.com/learn-the-new-advanced-analytics-charts-in-excel-2016-today/","Luc Zio","https://www.udemy.com/user/luczio/","","3.8","114","1832","9"
"https://www.udemy.com/essential-analytics-for-solo-and-small-business-owners/","Susan Kawa","https://www.udemy.com/user/susan-kawa/","","3.8","11","170","1"
"https://www.udemy.com/data-analysis-essential-skills-for-managers/","Jane Crofts","https://www.udemy.com/user/janecrofts/","","4.2","2021","24780","4"
"https://www.udemy.com/user-experience-ux-design-for-data-visualization/","UI5 Community Network","https://www.udemy.com/user/nuno54/","","4.1","1387","22243","9"
"https://www.udemy.com/user-experience-ux-design-for-data-visualization/","CTO at UI5CN Ajay Nayak","https://www.udemy.com/user/ajaynayak8/","","4.1","1088","15230","6"
"https://www.udemy.com/psychometrics/","Dr. Sanjay Singh","https://www.udemy.com/user/drsanjaysingh/","","4.2","167","1644","4"
"https://www.udemy.com/big-data-analytics/","RankOne Consulting","https://www.udemy.com/user/rankone-consulting/","","3.5","48","567","5"
"https://www.udemy.com/microsoft-excel-in-75-minutes-part-1/","Startup Saturdays","https://www.udemy.com/user/startupsaturdays/","","4","405","30922","14"
"https://www.udemy.com/forecasting-fundamentals/","Mark Blessington","https://www.udemy.com/user/markblessington/","","4.2","6","102","1"
"https://www.udemy.com/forecasting-fundamentals/","Dr. Karl Hellman","https://www.udemy.com/user/karlhellman/","","4.2","6","102","1"
"https://www.udemy.com/forecasting-fundamentals/","Kevin OConnell","https://www.udemy.com/user/kevinoconnell4/","","4.2","6","102","1"
"https://www.udemy.com/lparacademy/","LPAR Academy","https://www.udemy.com/user/lburnsl2theb/","","4","8","2082","2"
"https://www.udemy.com/business-forecasting-with-google-sheets/","Alex Tolley","https://www.udemy.com/user/alextolley/","","3","7","571","1"
"https://www.udemy.com/haskell-data-analysis-made-easy/","Packt Publishing","https://www.udemy.com/user/packtpublishing/","","4","9541","65841","748"
"https://www.udemy.com/work-hacking-business-data/","Dan Strongin","https://www.udemy.com/user/danielstrongin/","","3.4","22","1960","4"
"https://www.udemy.com/cnn-zero-to-full-real-world-apps/","Mauricio Maroto","https://www.udemy.com/user/mauricio-maroto-2/","","4.1","184","1154","4"
"https://www.udemy.com/data-mining/","The Art Of Service","https://www.udemy.com/user/theartofservice/","","3.8","640","5865","57"
"https://www.udemy.com/learningcbc-chinese/","Luke Greenacre","https://www.udemy.com/user/lukegreenacre/","","4.8","70","1518","3"
"https://www.udemy.com/excel-for-top-mbas-and-wannabes/","Bruce Vann","https://www.udemy.com/user/bruce-j-vann/","","4.5","2","35","1"
"https://www.udemy.com/real-world-sql-server-profiler/","Mike West","https://www.udemy.com/user/mikewest2/","","4.2","3631","56771","43"
"https://www.udemy.com/understand-your-business-earn-more-money/","Dan Strongin","https://www.udemy.com/user/danielstrongin/","","3.4","22","1960","4"
"https://www.udemy.com/real-time-streaming-using-apache-spark-streaming/","Packt Publishing","https://www.udemy.com/user/packtpublishing/","","4","9541","65820","746"
"https://www.udemy.com/erp-microsoft-dynamics-nav-module-and-functionality-overview/","ABC Tuts","https://www.udemy.com/user/nejla-zukorlic/","","4.4","117","2340","9"
"https://www.udemy.com/modeling-workflow-patterns-in-tibco-business-studio/","Instructor TIBCO Education","https://www.udemy.com/user/davemohr2/","","4.2","84","1387","6"
"https://www.udemy.com/knowledge-management/","The Art Of Service","https://www.udemy.com/user/theartofservice/","","3.8","640","5867","57"
"https://www.udemy.com/market-basket-analysis-linear-discriminant-analysis-with-r/","Gopal Prasad Malakar","https://www.udemy.com/user/gopalprasadmalakar/","","4.2","2186","25458","16"
"https://www.udemy.com/analytic-processes/","Yiding J","https://www.udemy.com/user/yidingjiang/","","4.4","7","97","1"
"https://www.udemy.com/learning-path-sql-up-and-running-with-sql-server-2016/","Packt Publishing","https://www.udemy.com/user/packtpublishing/","","4","9541","65842","748"
"https://www.udemy.com/google-analytics-officially-certified-in-just-5-hours/","Giulia Staffieri","https://www.udemy.com/user/giuliastaffieri/","","4.4","4","20","1"
"https://www.udemy.com/scrum-fundamentals/","Lean/Agile Coach at Lean-Kit Tomy Normen","https://www.udemy.com/user/43db6d24-5fd5-4a38-b093-0d54b4bc0449/","","4.2","5","23","1"
"https://www.udemy.com/basics-of-enterprise-data-conversion-using-microsoft-access/","Vadim Mikhailenko","https://www.udemy.com/user/howtoanalyzedata/","","4.3","824","17555","8"
"https://www.udemy.com/business-analysis-essential-skills-training/","Angelo Kalevela","https://www.udemy.com/user/angelogelokalevela/","","3.4","15","125","2"
"https://www.udemy.com/big-data-analytics-for-telecom/","RankOne Consulting","https://www.udemy.com/user/rankone-consulting/","","3.5","48","567","5"
"https://www.udemy.com/intro-to-trifacta-and-data-cleaning/","Curtis Seare and Ginette Methot","https://www.udemy.com/user/c49d7ef3-bae1-4955-84ea-ebbadeda3de9/","","5","2","9","1"
"https://www.udemy.com/3-tools-for-visual-business-analysis-1/","Nilakantasrinivasan Janakiraman","https://www.udemy.com/user/nilakantasrinivasanjanakiraman/","","4.2","1364","10509","6"
"https://www.udemy.com/logistic-regression-using-r-in-10-steps/","Aze Analytics","https://www.udemy.com/user/aze-analytics/","","3.9","8","25","1"
"https://www.udemy.com/business-analysis-102/","Michael Boyle","https://www.udemy.com/user/12785/","","4.7","14","1891","6"
"https://www.udemy.com/elite-seo-course/","Digital Marketing Courses 4U","https://www.udemy.com/user/marketing-digital-courses-4u/","","4.5","1","3","1"
"https://www.udemy.com/mysql-8-recipes/","Packt Publishing","https://www.udemy.com/user/packtpublishing/","","4","9541","65802","746"
"https://www.udemy.com/machine-learning-data-analysis/","EDULearning Academy, Inc","https://www.udemy.com/user/ajsdn-dsfgd/","","3.2","51","6039","3"
"https://www.udemy.com/learn-java-by-solving-100-coding-challenges/","Robert Lee","https://www.udemy.com/user/bob-lee-9/","","3.7","17","356","3"
"https://www.udemy.com/qlikview-data-analysis/","Packt Publishing","https://www.udemy.com/user/packtpublishing/","","4","9541","65799","746"
"https://www.udemy.com/learn-the-normal-or-gaussian-distribution/","Luc Zio","https://www.udemy.com/user/luczio/","","3.8","114","1832","9"
"https://www.udemy.com/dummy-variable-regression-and-conjoint-analysis-using-r/","Gopal Prasad Malakar","https://www.udemy.com/user/gopalprasadmalakar/","","4.2","2186","25469","16"
"https://www.udemy.com/logistic-regression-modeling/","Predictive Analytics","https://www.udemy.com/user/analyticsonlinecourses/","","3.9","47","2119","3"
"https://www.udemy.com/how-big-data-is-defining-the-future-executive/","David Elsner","https://www.udemy.com/user/david-elsner/","","3.9","4","22","2"
"https://www.udemy.com/cbdm-certified-business-data-modeler/","Mr. Clive Finkelstein","https://www.udemy.com/user/clive-finkelstein/","","4.3","40","1752","6"
"https://www.udemy.com/cbdm-certified-business-data-modeler/","Michael Cesino","https://www.udemy.com/user/visiblecom/","","4","38","241","5"
"https://www.udemy.com/ibm-spss-statistics-getting-started/","Sandy Midili","https://www.udemy.com/user/sandymidili/","","4","157","707","10"
"https://www.udemy.com/learning-neo4j-graphs-and-cypher/","Packt Publishing","https://www.udemy.com/user/packtpublishing/","","4","9541","65842","748"
"https://www.udemy.com/linear-regression-in-r-for-data-scientists/","Francisco Juretig","https://www.udemy.com/user/francisco-juretig/","","3.8","186","2251","9"
"https://www.udemy.com/outlier-detection-techniques/","KDD Expert","https://www.udemy.com/user/kdd-expert/","","4.3","6","18","1"
"https://www.udemy.com/ibm-spss-modeler-modelers-new-r-nodes/","Sandy Midili","https://www.udemy.com/user/sandymidili/","","4","157","707","10"
"https://www.udemy.com/big_data/","The Art Of Service","https://www.udemy.com/user/theartofservice/","","3.8","640","5865","57"
"https://www.udemy.com/prt-beginners/","Collins Bunjira","https://www.udemy.com/user/collins-bunjira/","","5","1","16","1"
"https://www.udemy.com/data-studio-the-lazy-way/","David Krevitt","https://www.udemy.com/user/david-krevitt/","","4.5","41","419","2"
"https://www.udemy.com/your-career-in-financial-systems/","Doug Burke","https://www.udemy.com/user/doug-burke/","","3.9","55","1463","4"
"https://www.udemy.com/server-side-programming-with-nodejs-for-beginners/","Packt Publishing","https://www.udemy.com/user/packtpublishing/","","4","9541","65808","746"
"https://www.udemy.com/web-analytics2/","The Art Of Service","https://www.udemy.com/user/theartofservice/","","3.8","640","5863","57"
"https://www.udemy.com/sql-server-2016-maintenance-automation/","Packt Publishing","https://www.udemy.com/user/packtpublishing/","","4","9541","65842","748"
"https://www.udemy.com/introductory-probability-and-statistics/","Dr. Ash Narayan Sah","https://www.udemy.com/user/dr-ash-narayan-sah/","","4","5","2177","6"
"https://www.udemy.com/marketing-analytics/","Dekker Fraser & Associates","https://www.udemy.com/user/dekker-fraser/","","4.1","25","6086","12"
"https://www.udemy.com/r-programming-and-data-science/","Packt Publishing","https://www.udemy.com/user/packtpublishing/","","4","9541","65842","748"
"https://www.udemy.com/programming-r/","Learning Academy The Global Training Hub","https://www.udemy.com/user/learned-monk/","","3.3","37","248","4"
"https://www.udemy.com/foundation-part2-kpi/","Josh Biro","https://www.udemy.com/user/josh-biro/","","0","0","5","2"
"https://www.udemy.com/introduction-to-spss-syntax-hands-on-exercises/","Doctor Analytix","https://www.udemy.com/user/doctor-analytix/","","1.5","2","12","1"
"https://www.udemy.com/fraud-management-fundamentals/","Moses Malefane","https://www.udemy.com/user/moses-malefane/","","2","1","3","1"
"https://www.udemy.com/understand-and-leverage-digital-analytics/","Penelope Bellegarde","https://www.udemy.com/user/8c981e38-ecfc-4255-97e7-bc58c707b46c/","","0.5","1","3","1"
"https://www.udemy.com/learning-ibm-spss-statistics/","Packt Publishing","https://www.udemy.com/user/packtpublishing/","","4","9541","65820","746"
"https://www.udemy.com/sql-complete-master-course/","Rakesh Naga Chinta","https://www.udemy.com/user/rakesh-chinta-2/","","4.8","9","94","2"
"https://www.udemy.com/excelanalysis/","Tymone Green","https://www.udemy.com/user/tymone-l-green/","","4.1","27","127","4"
"https://www.udemy.com/identify-theft/","Lisa Newton","https://www.udemy.com/user/lisanewton3/","","4.1","443","5101","100"
"https://www.udemy.com/the-abc-of-google-analytics-an-introduction/","charlene kuye","https://www.udemy.com/user/87d94174-aae6-4aaf-a098-3bae9e2e7d07/","","0","0","0","1"
"https://www.udemy.com/introduction-to-business-information-analysis/","Brian Dickinson","https://www.udemy.com/user/briandickinson/","","4","243","11752","3"
"https://www.udemy.com/working-business-statistics-problems/","Ronny Richardson","https://www.udemy.com/user/ronnyrichardson/","","4.3","42","357","3"
"https://www.udemy.com/break-even-analysis/","Cato Jensen","https://www.udemy.com/user/cato-jensen/","","4.2","9","28","3"
"https://www.udemy.com/forex-analysis/","Dorrow Green","https://www.udemy.com/user/dorrow/","","4.5","90","1101","6"
"https://www.udemy.com/machine-learning-e-data-science-com-python/","Marcos Castro","https://www.udemy.com/user/marcoscastrodesouza/","","4.2","7189","30258","35"
"https://www.udemy.com/machine-learning-e-data-science-com-python/","Gileno Alves Santa Cruz Filho","https://www.udemy.com/user/gilenofilho/","","4.2","4639","27329","4"
"https://www.udemy.com/python-scikit-learn/","Toru Tamaki","https://www.udemy.com/user/torutamaki/","","4.5","893","8439","4"
"https://www.udemy.com/power-bi-aplicado/","Leonardo Karpinski","https://www.udemy.com/user/leonardo-karpinski/","","4.6","555","1877","1"
"https://www.udemy.com/introduction-au-machine-learning/","Hadelin de Ponteves","https://www.udemy.com/user/hadelin-de-ponteves/","","4.5","30377","169015","9"
"https://www.udemy.com/introduction-au-machine-learning/","Kirill Eremenko","https://www.udemy.com/user/kirilleremenko/","","4.5","69120","278956","33"
"https://www.udemy.com/introduction-au-machine-learning/","SuperDataScience Team","https://www.udemy.com/user/superdatascience-team/","","4.5","62181","252337","22"
"https://www.udemy.com/optworks_1/","株式会社オプトワークス （株式会社オプトホールディング データサイエンスラボ）","https://www.udemy.com/user/detasaiensurabo/","","4.3","64","699","1"
"https://www.udemy.com/optworks_1/","Tomoki Takada（高田朋貴）","https://www.udemy.com/user/tomoki-takada/","","4.3","64","699","1"
"https://www.udemy.com/apache-spark-mit-python/","Jannis Seemann","https://www.udemy.com/user/jannis-seemann/","","4.6","4602","23650","22"
"https://www.udemy.com/data-science-und-machine-learning/","Jannis Seemann","https://www.udemy.com/user/jannis-seemann/","","4.6","4602","23646","22"
"https://www.udemy.com/data-science-und-machine-learning/","Sundog Education by Frank Kane","https://www.udemy.com/user/frankkane/","","4.5","18898","89210","9"
"https://www.udemy.com/sql-bootcamp/","Jannis Seemann","https://www.udemy.com/user/jannis-seemann/","Top-responder","4.6","4602","23650","22"
"https://www.udemy.com/les-data-sciences-de-a-a-z/","Kirill Eremenko","https://www.udemy.com/user/kirilleremenko/","","4.5","69120","278887","33"
"https://www.udemy.com/les-data-sciences-de-a-a-z/","Hadelin de Ponteves","https://www.udemy.com/user/hadelin-de-ponteves/","","4.5","30377","168947","9"
"https://www.udemy.com/les-data-sciences-de-a-a-z/","SuperDataScience Team","https://www.udemy.com/user/superdatascience-team/","","4.5","62181","252270","22"
"https://www.udemy.com/daten-visualisieren-mit-python/","Jannis Seemann","https://www.udemy.com/user/jannis-seemann/","","4.6","4602","23650","22"
"https://www.udemy.com/kikagaku_blackbox_1/","吉崎 亮介","https://www.udemy.com/user/ji-qi-liang-jie-2/","","4.7","30","306","1"
"https://www.udemy.com/microsoft-power-bi/","Mauricio Cassemiro","https://www.udemy.com/user/mauriciocassemiro/","","4","474","2060","7"
"https://www.udemy.com/criando-modelos-de-machine-learning/","Weslley Moura","https://www.udemy.com/user/weslleymoura/","","4.2","46","663","1"
"https://www.udemy.com/r-datascience/","片岡 豊 Yutaka Kataoka","https://www.udemy.com/user/pian-gang-li-2/","","3.9","181","1376","1"
"https://www.udemy.com/r-datascience/","sfchaos sf chaos","https://www.udemy.com/user/sfchaos/","","3.9","181","1376","1"
"https://www.udemy.com/r-datascience/","Prof. IshidaMotohiro 石田","https://www.udemy.com/user/ishidamotohiro/","","3.9","181","1376","1"
"https://www.udemy.com/aprenda-sas-e-torne-se-um-ninja-dos-dados/","Ermin Dedic","https://www.udemy.com/user/ermin-dedic/","","4.3","422","8479","11"
"https://www.udemy.com/r-zesrpe/","高橋 威知郎","https://www.udemy.com/user/gao-qiao-wei-zhi-lang/","","4.4","12","133","1"
"https://www.udemy.com/sql-lernen-schnell-und-einfach/","Marco Eder","https://www.udemy.com/user/a4ef90e3-c0ba-49c6-82b6-2d86c13729dc/","","4.5","113","623","2"
"https://www.udemy.com/power-bi-edifist/","Edifist Learning","https://www.udemy.com/user/edifist-learning/","","4.2","46","332","1"
"https://www.udemy.com/sql-desde-cero/","Mel Restori","https://www.udemy.com/user/melrestori/","","4.7","98","317","1"
"https://www.udemy.com/ab-tests-mit-php/","Jannis Seemann","https://www.udemy.com/user/jannis-seemann/","","4.6","4602","23650","22"
"https://www.udemy.com/matlab-desde-cero/","Jesus Ernesto Valdez Almaral","https://www.udemy.com/user/jesusernestovaldezalmaral/","Top-responder","4.4","230","1003","2"
"https://www.udemy.com/ms-power-bi/","Eduardo Rosas","https://www.udemy.com/user/eduardorosasosorno/","","4.1","775","5958","6"
"https://www.udemy.com/google-analytics-espanol/","Carlos Ignacio Rojas Durán","https://www.udemy.com/user/carlosr4/","","3.5","62","368","1"
"https://www.udemy.com/datamix_basic/","Yosuke Katada","https://www.udemy.com/user/yosuke-katada/","","4.5","16","144","1"
"https://www.udemy.com/decouvrir-google-analytics/","Vincent Chomier","https://www.udemy.com/user/chomier-vincent/","","4","53","403","4"
"https://www.udemy.com/linguagem-sql-para-iniciantes/","Rafael Costa","https://www.udemy.com/user/rafaelfernandovazdacosta/","","4.5","24","233","1"
"https://www.udemy.com/excel-pivot-profi-werden-und-daten-schnell-einfach-auswerten/","Indra Kohl","https://www.udemy.com/user/indra-kohl/","","4.8","11","116","1"
"https://www.udemy.com/estadistica-inferencial-en-spss/","Eduardo Escalante","https://www.udemy.com/user/eduardoescalante/","","4.5","2303","16597","12"
"https://www.udemy.com/r-statistics/","寺田 清昭","https://www.udemy.com/user/si-tian-qing-zhao/","","4.2","5","83","1"
"https://www.udemy.com/magia-negra-en-analisis-de-datos-con-excel/","Info Artist","https://www.udemy.com/user/info-artist/","","4.3","12","73","2"
"https://www.udemy.com/analise-de-informacoes-para-o-tcu/","Marcio Victorino","https://www.udemy.com/user/marciovictorino/","","4.7","363","1077","7"
"https://www.udemy.com/microsoft-power-bi-desktop-modelagem-e-analise-de-dados/","Luis Milioni","https://www.udemy.com/user/luis-milioni/","","4.6","5","26","1"
"https://www.udemy.com/the_complete_r_101_for_beginners/","블로터 아카데미","https://www.udemy.com/user/bloter/","","4.4","1266","6204","41"
"https://www.udemy.com/the_complete_r_101_for_beginners/","Sungsil Chang","https://www.udemy.com/user/cangseongsil/","","3.7","20","173","1"
"https://www.udemy.com/the_complete_r_101_for_beginners/","Yooduck Hwang","https://www.udemy.com/user/yooduck-hwang/","","3.7","20","173","1"
"https://www.udemy.com/the_complete_r_101_for_beginners/","기자 반석 채","https://www.udemy.com/user/banseog-cae/","","3.7","20","173","1"
"https://www.udemy.com/power-bi/","株式会社ブレインパッド BrainPad Inc.","https://www.udemy.com/user/brainpad/","","3.3","26","217","1"
"https://www.udemy.com/bootcamp-para-no-estadisticos/","Fernando Borrás Rocher","https://www.udemy.com/user/fernando-borras-rocher/","","4.1","9","254","1"
"https://www.udemy.com/aprenda-ciencia-de-dados-com-python/","Elton Oliveira","https://www.udemy.com/user/elton-oliveira/","","4.5","474","4012","5"
"https://www.udemy.com/datum_studio_1/","Datum Studio 株式会社","https://www.udemy.com/user/datum-studiozhu-shi-hui-she/","","5","2","48","1"
"https://www.udemy.com/bases-para-el-analisis-de-datos-en-spss/","Eduardo Escalante","https://www.udemy.com/user/eduardoescalante/","","4.5","2303","16597","12"
"https://www.udemy.com/r-data-visualization/","鈴木 瑞人","https://www.udemy.com/user/ling-mu-rui-ren-2/","","4.7","3","39","1"
"https://www.udemy.com/tableau-practice/","Svetlana Sokolova","https://www.udemy.com/user/svetlana-9/","","4.8","268","2717","2"
"https://www.udemy.com/logistic-and-supply-chain-by-microsoft-access/","Veerachai Junhunkit","https://www.udemy.com/user/veerachai-junhunkit/","","4.5","91","1420","4"
"https://www.udemy.com/estadistica-descriptiva-en-spss-en-menos-de-5-horas/","Eduardo Escalante","https://www.udemy.com/user/eduardoescalante/","","4.5","2303","16597","12"
"https://www.udemy.com/optimiza-tu-negocio-online-mejorando-el-ratio-de-conversion/","Nacho Bassino","https://www.udemy.com/user/nachobassino/","","4.4","18","411","2"
"https://www.udemy.com/experto-en-tablas-dinamicas/","Javier Figueroa","https://www.udemy.com/user/javier-figueroa-3/","","5","1","12","1"
"https://www.udemy.com/purchase-order-ms-access/","Veerachai Junhunkit","https://www.udemy.com/user/veerachai-junhunkit/","","4.5","91","1420","4"
"https://www.udemy.com/decouvrez-excel-en-11-etapes-faciles/","Zran Senan Flan","https://www.udemy.com/user/zransenanflan2/","","3","15","181","4"
"https://www.udemy.com/excel-utilisez-le-business-intelligence-comme-un-pro/","Zran Senan Flan","https://www.udemy.com/user/zransenanflan2/","","3","15","181","4"
"https://www.udemy.com/matematicarevisaoenem/","Imparare Educação Digital","https://www.udemy.com/user/imparareeducaodigital/","","0","0","8","1"
"https://www.udemy.com/excel-la-planilla-de-calculo-de-datos-e-informacion/","Jerry Oliver","https://www.udemy.com/user/jerry-crothers/","","0","0","0","2"
"https://www.udemy.com/chia-khoa-thanh-cong-cho-business-analyst/","Phung Tran Minh","https://www.udemy.com/user/phung-tran-minh/","","0","0","0","2"
"https://www.udemy.com/cong-cu-va-ky-nang-danh-cho-business-analyst/","Phung Tran Minh","https://www.udemy.com/user/phung-tran-minh/","","0","0","0","2"
"https://www.udemy.com/analisis-de-informacion-con-tableau/","Rodrigo San Miguel","https://www.udemy.com/user/rodrigo-30/","","4.2","62","835","1"
"https://www.udemy.com/managementmath/","施驊芬 Shih Mei","https://www.udemy.com/user/mei21/","","4.2","23","1745","1"
"https://www.udemy.com/managementmath/","Lee Bor-Jian","https://www.udemy.com/user/e3inqhwawxzw/","","4.7","907","7443","11"
